id (N) (P),name (T),email (T),gender (T),year (N)
1,,lfulger0@hao123.com,Female,2017
2,,firons1@vinaora.com,Male,1949
3,aabb,jcurror2@google.com.hk,Female,2000
4,bbaa,bmclanaghan3@businessinsider.com,Non-binary,1981
5,Deloris Inkle,dinkle4@addtoany.com,Non-binary,2008
6,Rickey Dallimare,rdallimare5@twitter.com,Male,1981
7,Lief Maass,lmaass6@moonfruit.com,Male,2006
8,Yule Pledge,ypledge7@archive.org,Male,2018
9,Hugues Faulkner,hfaulkner8@amazon.co.jp,Male,1911
10,Rorie Newbery,rnewbery9@artisteer.com,Female,1984
11,Ludvig Dunmuir,ldunmuira@mayoclinic.com,Male,1987
12,Nicolas Bolton,nboltonb@technorati.com,Male,1945
13,Devland Bruggen,dbruggenc@cargocollective.com,Male,1919
14,Arline Betham,abethamd@washington.edu,Female,1925
15,Robena Fust,rfuste@pinterest.com,Genderfluid,1981
16,Marcy Harm,mharmf@squarespace.com,Female,1907
17,Ahmad Maxsted,amaxstedg@answers.com,Male,1959
18,Layla Grissett,lgrissetth@csmonitor.com,Female,1952
19,Kira Warmisham,kwarmishami@nbcnews.com,Female,1998
20,Nettie Acors,nacorsj@addtoany.com,Female,2006
21,Derward Aronin,daronink@fema.gov,Male,1979
22,Anstice Haining,ahainingl@t-online.de,Female,1980
23,Tarra Keers,tkeersm@statcounter.com,Female,1950
24,Kayle Ceccoli,kceccolin@desdev.cn,Female,1962
25,Rockwell Winder,rwindero@cloudflare.com,Male,1991
26,Barnabe Lighton,blightonp@printfriendly.com,Genderfluid,1932
27,Kirsti Stollmeier,kstollmeierq@google.com,Female,1924
28,Harley Lomasney,hlomasneyr@unblog.fr,Male,1905
29,Kira Mitchelhill,kmitchelhills@blogs.com,Female,1988
30,Garreth Igoe,gigoet@smugmug.com,Male,2020
31,Arman Suff,asuffu@weibo.com,Male,2018
32,Stanton Steggles,sstegglesv@themeforest.net,Male,1900
33,Francesco Skullet,fskulletw@baidu.com,Non-binary,1949
34,Georgiana Filasov,gfilasovx@go.com,Female,1905
35,Corbet Raison,craisony@stanford.edu,Male,1995
36,Gnni Linfoot,glinfootz@google.co.uk,Female,2016
37,Jesse M'Quharg,jmquharg10@amazonaws.com,Female,1915
38,Tallia Acott,tacott11@arstechnica.com,Female,1911
39,Stella Rapper,srapper12@reuters.com,Female,1936
40,June Lightoller,jlightoller13@youku.com,Female,1978
41,Sebastiano Makey,smakey14@pinterest.com,Male,2017
42,Paulie Drinkall,pdrinkall15@squarespace.com,Male,1906
43,Hanna McCuaig,hmccuaig16@reference.com,Female,1979
44,Farrand Patrie,fpatrie17@g.co,Female,1938
45,Nahum Manchester,nmanchester18@fda.gov,Male,1914
46,Frazier Mallabund,fmallabund19@nbcnews.com,Male,2016
47,Elnora Giller,egiller1a@foxnews.com,Female,2005
48,Wayne Colleran,wcolleran1b@ycombinator.com,Male,1939
49,Alister Longstreeth,alongstreeth1c@sakura.ne.jp,Male,1987
50,Keene Brownlee,kbrownlee1d@cloudflare.com,Male,1942
51,Darci Andrassy,dandrassy1e@cornell.edu,Female,2020
52,Gratia Branwhite,gbranwhite1f@bing.com,Genderqueer,1976
53,Cyril Abson,cabson1g@bbc.co.uk,Male,2007
54,Shelly Botha,sbotha1h@smh.com.au,Female,1968
55,Walton Hollindale,whollindale1i@ucsd.edu,Male,1980
56,Charmaine Diggons,cdiggons1j@cam.ac.uk,Female,1941
57,Cammie Gilchrest,cgilchrest1k@ebay.co.uk,Female,1985
58,Frieda Tredger,ftredger1l@over-blog.com,Female,1952
59,Jaime Curtayne,jcurtayne1m@adobe.com,Female,1989
60,Francisca Laidlaw,flaidlaw1n@diigo.com,Female,1914
61,Susette Janek,sjanek1o@umich.edu,Non-binary,2016
62,Massimiliano Dimitrie,mdimitrie1p@umn.edu,Male,1918
63,Sidonnie Feld,sfeld1q@tumblr.com,Female,1910
64,Tessi Dunkley,tdunkley1r@nhs.uk,Female,1913
65,Murray Minette,mminette1s@wikia.com,Male,1911
66,Deane Covell,dcovell1t@multiply.com,Female,1923
67,Barnard Gowler,bgowler1u@stumbleupon.com,Male,2009
68,Vannie Gregg,vgregg1v@shareasale.com,Female,2000
69,Alexei MacSwayde,amacswayde1w@rediff.com,Male,1981
70,Verina Shillaker,vshillaker1x@simplemachines.org,Female,1988
71,Nadya Opy,nopy1y@is.gd,Female,1988
72,Mufi Drinkeld,mdrinkeld1z@e-recht24.de,Genderqueer,1911
73,Rey Reder,rreder20@mtv.com,Male,1913
74,Anabel Franscioni,afranscioni21@alexa.com,Female,1918
75,Lezlie Phizackerly,lphizackerly22@opera.com,Female,2001
76,Kenny Dring,kdring23@slashdot.org,Male,1919
77,Christophe Tinman,ctinman24@economist.com,Male,1959
78,Janifer Coombe,jcoombe25@digg.com,Female,1996
79,Duffy Haws,dhaws26@gravatar.com,Non-binary,1961
80,Chevalier Ledbetter,cledbetter27@springer.com,Male,1914
81,Rick Gockelen,rgockelen28@hhs.gov,Male,1910
82,Saudra Zavittieri,szavittieri29@npr.org,Female,1957
83,Lilah Andre,landre2a@nyu.edu,Female,1925
84,Hailey Swarbrigg,hswarbrigg2b@fotki.com,Male,1975
85,Steffen Grishukov,sgrishukov2c@qq.com,Male,1969
86,Blanca Clink,bclink2d@sun.com,Female,1961
87,Brien Elles,belles2e@scribd.com,Male,1932
88,Noble Tabrett,ntabrett2f@icq.com,Male,2016
89,Even Shailer,eshailer2g@google.pl,Male,1912
90,Hal Klimsch,hklimsch2h@parallels.com,Male,1958
91,Riobard Eddins,reddins2i@sfgate.com,Male,1947
92,Claudius Dowles,cdowles2j@yellowpages.com,Male,2018
93,Dix Kinmond,dkinmond2k@alibaba.com,Female,1988
94,Mathew Barrabeale,mbarrabeale2l@google.it,Male,1921
95,Ingra Tarver,itarver2m@admin.ch,Male,1926
96,Maressa Thurlbeck,mthurlbeck2n@goo.ne.jp,Female,1900
97,Vick Whimpenny,vwhimpenny2o@cocolog-nifty.com,Male,1945
98,Barron Plante,bplante2p@deliciousdays.com,Male,1978
99,Kirk Balme,kbalme2q@zimbio.com,Male,1993
100,Amii O'Lyhane,aolyhane2r@oakley.com,Female,1919
101,Chelsie Attewell,cattewell2s@barnesandnoble.com,Female,1956
102,Courtnay Fielden,cfielden2t@hatena.ne.jp,Agender,1917
103,Babara Linton,blinton2u@java.com,Female,1945
104,Vinny Grimbaldeston,vgrimbaldeston2v@vistaprint.com,Polygender,1995
105,Codie Lockhead,clockhead2w@amazon.de,Male,2011
106,Murvyn Coiley,mcoiley2x@last.fm,Male,2013
107,Amargo Lenthall,alenthall2y@alexa.com,Female,1942
108,Basilio McCarly,bmccarly2z@opera.com,Male,1918
109,Emmy Alexsandrev,ealexsandrev30@instagram.com,Female,1998
110,Sabrina Stiddard,sstiddard31@vimeo.com,Female,2011
111,Chryste Wroth,cwroth32@about.com,Female,1910
112,Sebastien Gander,sgander33@wsj.com,Male,1986
113,Irving Fedoronko,ifedoronko34@kickstarter.com,Male,1999
114,Casi Creaser,ccreaser35@phpbb.com,Female,1903
115,Dani Creddon,dcreddon36@europa.eu,Female,2004
116,Rosabella Balser,rbalser37@paypal.com,Female,1984
117,Wildon Bushen,wbushen38@zdnet.com,Male,1974
118,Hillery Ridel,hridel39@wikia.com,Male,1992
119,Godard Izzatt,gizzatt3a@diigo.com,Bigender,1977
120,Kristoffer Merredy,kmerredy3b@amazon.co.uk,Male,2006
121,Ewart Revitt,erevitt3c@booking.com,Male,1932
122,Isidor Doorey,idoorey3d@thetimes.co.uk,Male,1914
123,Rochell Siney,rsiney3e@example.com,Genderfluid,1961
124,Tina Drogan,tdrogan3f@e-recht24.de,Female,2006
125,Chrissie McColley,cmccolley3g@webs.com,Non-binary,1946
126,Corette Bortolutti,cbortolutti3h@baidu.com,Female,2006
127,Katuscha Applewhaite,kapplewhaite3i@wired.com,Female,1916
128,Andi Hort,ahort3j@wsj.com,Female,1999
129,Gregoor Sinott,gsinott3k@dailymail.co.uk,Male,1992
130,Kimmy Folca,kfolca3l@sfgate.com,Female,1909
131,Scarface Pitson,spitson3m@domainmarket.com,Male,2017
132,Uta Barwise,ubarwise3n@census.gov,Female,1913
133,Godard Lyptrit,glyptrit3o@so-net.ne.jp,Male,2003
134,Tabitha Kuhnhardt,tkuhnhardt3p@bbb.org,Female,1931
135,Ann-marie Collacombe,acollacombe3q@jigsy.com,Female,1904
136,Zackariah Beloe,zbeloe3r@vkontakte.ru,Male,1972
137,Felice Fipp,ffipp3s@flickr.com,Male,1995
138,Lothaire Scardifeild,lscardifeild3t@soundcloud.com,Male,1915
139,Cherice Wiffler,cwiffler3u@fotki.com,Female,1969
140,Carrol Rospars,crospars3v@ifeng.com,Male,2020
141,Grata Charpling,gcharpling3w@webmd.com,Female,1919
142,Valentijn Peacock,vpeacock3x@guardian.co.uk,Male,1963
143,Keriann Joselevitch,kjoselevitch3y@springer.com,Female,1973
144,Arvie Hayto,ahayto3z@chicagotribune.com,Male,1963
145,Micky Lyster,mlyster40@tuttocitta.it,Male,1957
146,Glory Houndesome,ghoundesome41@earthlink.net,Female,1965
147,Judye Fuzzens,jfuzzens42@ft.com,Female,1914
148,Jacklin Josland,jjosland43@smugmug.com,Female,1995
149,Letta Guerin,lguerin44@mediafire.com,Female,2006
150,Gus Ruffy,gruffy45@mit.edu,Female,1981
151,Winston Pollastrone,wpollastrone46@chronoengine.com,Male,1999
152,Fenelia Rissom,frissom47@marriott.com,Female,1967
153,Christabella Kuhlmey,ckuhlmey48@histats.com,Non-binary,1920
154,Yulma Boards,yboards49@surveymonkey.com,Male,1960
155,Charleen Frankom,cfrankom4a@google.nl,Female,1914
156,Reina Oyley,royley4b@ox.ac.uk,Female,1983
157,El Grieves,egrieves4c@spotify.com,Male,1975
158,Hugibert Blaylock,hblaylock4d@themeforest.net,Male,1966
159,Alyson Crewther,acrewther4e@illinois.edu,Female,1943
160,Jacenta Lindop,jlindop4f@ibm.com,Female,1975
161,Abelard Woffenden,awoffenden4g@nhs.uk,Genderqueer,1938
162,Antony Brandel,abrandel4h@qq.com,Male,2013
163,Boycey Sheerman,bsheerman4i@independent.co.uk,Male,2002
164,Lesley Beyer,lbeyer4j@msu.edu,Agender,1947
165,Elly Stadden,estadden4k@furl.net,Female,1969
166,Sheelagh Danzig,sdanzig4l@stumbleupon.com,Genderqueer,1976
167,Marlane Cotgrove,mcotgrove4m@qq.com,Female,1958
168,Ibby Caddick,icaddick4n@gmpg.org,Female,1953
169,Arleta Cowcha,acowcha4o@stumbleupon.com,Female,2009
170,Cammy Matas,cmatas4p@gov.uk,Male,1928
171,Corly O'Shields,coshields4q@ed.gov,Polygender,1907
172,Nealson Morbey,nmorbey4r@ning.com,Male,1907
173,Meggi Andrich,mandrich4s@fotki.com,Female,1930
174,Clay Huthart,chuthart4t@mlb.com,Male,1986
175,Dore Decourcy,ddecourcy4u@nbcnews.com,Genderqueer,1926
176,Trescha Gallgher,tgallgher4v@cocolog-nifty.com,Agender,1912
177,Irvine Curnick,icurnick4w@sfgate.com,Genderqueer,1976
178,Donnell Gittis,dgittis4x@tinypic.com,Male,1944
179,Gavin Balk,gbalk4y@plala.or.jp,Male,1914
180,Sherilyn Benbow,sbenbow4z@mail.ru,Female,2015
181,Teirtza Matfield,tmatfield50@multiply.com,Female,1976
182,Gothart Grimwade,ggrimwade51@yellowpages.com,Male,2015
183,Marion Gainsburgh,mgainsburgh52@eventbrite.com,Female,1923
184,Charmion Mowles,cmowles53@yolasite.com,Female,1957
185,Cissiee Marnes,cmarnes54@nbcnews.com,Female,1926
186,Merna Beazley,mbeazley55@mapy.cz,Female,1923
187,Sallie Deuss,sdeuss56@ning.com,Female,1903
188,Manon Ianson,mianson57@fotki.com,Female,1974
189,Clint O'Shiels,coshiels58@ameblo.jp,Male,1957
190,Ruggiero Roskelly,rroskelly59@go.com,Male,1987
191,Othelia Aldritt,oaldritt5a@tumblr.com,Female,1971
192,Flint Chell,fchell5b@purevolume.com,Male,1930
193,Gill Weldrick,gweldrick5c@senate.gov,Male,1982
194,Sondra Boman,sboman5d@yahoo.com,Female,1912
195,Vladimir Dore,vdore5e@engadget.com,Male,1923
196,Domingo Skea,dskea5f@yolasite.com,Male,1988
197,Hasheem Astlett,hastlett5g@gizmodo.com,Male,1930
198,Mona Phython,mphython5h@cbsnews.com,Female,2015
199,Jenda Zaczek,jzaczek5i@ask.com,Genderfluid,1925
200,Torey Raggatt,traggatt5j@springer.com,Female,1930
201,Miner Dunaway,mdunaway5k@yahoo.com,Male,1962
202,Valdemar Seebert,vseebert5l@nsw.gov.au,Male,1963
203,Amalita Garforth,agarforth5m@shop-pro.jp,Female,2001
204,Alvina Lowy,alowy5n@tamu.edu,Female,1982
205,Sigfried Grose,sgrose5o@miibeian.gov.cn,Male,1937
206,Wylma Iacovo,wiacovo5p@newsvine.com,Female,1975
207,Malina Burle,mburle5q@house.gov,Female,1911
208,Sauveur Orchart,sorchart5r@friendfeed.com,Male,1951
209,Nerta Fry,nfry5s@w3.org,Female,2015
210,Annabell Plewman,aplewman5t@purevolume.com,Female,1909
211,Gregor Lattie,glattie5u@gizmodo.com,Male,2002
212,Byrle Rehorek,brehorek5v@geocities.jp,Male,1965
213,Cad Issac,cissac5w@rediff.com,Male,1990
214,Archer LaBastida,alabastida5x@yandex.ru,Male,1911
215,Rosalinde Risson,rrisson5y@mlb.com,Genderfluid,1947
216,Kimmie Churly,kchurly5z@google.com.hk,Female,1915
217,Clemens Keston,ckeston60@wiley.com,Male,1962
218,Dominick Scopyn,dscopyn61@desdev.cn,Male,1982
219,Gabbie Hutcheon,ghutcheon62@narod.ru,Female,1950
220,Julina Carruth,jcarruth63@fema.gov,Female,2006
221,Bart Johnstone,bjohnstone64@sciencedaily.com,Agender,1979
222,Lainey Juliff,ljuliff65@abc.net.au,Female,1967
223,Mildrid Cosgrive,mcosgrive66@dedecms.com,Female,1941
224,Adlai Ettels,aettels67@google.com,Male,1936
225,Dore Halbeard,dhalbeard68@digg.com,Female,1983
226,Kissiah Esland,kesland69@nymag.com,Female,1934
227,Orelee Hourahan,ohourahan6a@qq.com,Female,1967
228,Zack Cron,zcron6b@cpanel.net,Male,1928
229,Guglielmo Moth,gmoth6c@google.co.uk,Male,1950
230,Giana Minshall,gminshall6d@dailymotion.com,Female,1974
231,Aloise Maruszewski,amaruszewski6e@nydailynews.com,Female,1919
232,Maegan Giannini,mgiannini6f@skype.com,Female,1943
233,Lyndel Vuittet,lvuittet6g@adobe.com,Female,1920
234,Spenser Sahlstrom,ssahlstrom6h@artisteer.com,Male,1919
235,Caterina Dametti,cdametti6i@gizmodo.com,Female,1975
236,Gilburt Roskrug,groskrug6j@scientificamerican.com,Male,1915
237,Quintina Lantuff,qlantuff6k@yandex.ru,Female,1973
238,Marchall Crosgrove,mcrosgrove6l@rambler.ru,Male,1973
239,Torey Holbarrow,tholbarrow6m@bizjournals.com,Male,1985
240,Giustina Dowry,gdowry6n@cloudflare.com,Female,1917
241,Shirley Blabie,sblabie6o@java.com,Female,2004
242,Christin Da Costa,cda6p@businesswire.com,Female,1958
243,Wendi Fidal,wfidal6q@last.fm,Female,1906
244,Jemie Cundy,jcundy6r@newyorker.com,Female,2011
245,Lettie Sneath,lsneath6s@ucoz.ru,Female,2002
246,Candra Frensch,cfrensch6t@whitehouse.gov,Female,1910
247,Joseph Berendsen,jberendsen6u@is.gd,Male,1967
248,Maryellen Driffill,mdriffill6v@epa.gov,Female,1914
249,Ellswerth O'Henery,eohenery6w@xing.com,Bigender,1928
250,Hallie Scotchmer,hscotchmer6x@hhs.gov,Polygender,1957
251,Daryle Pyzer,dpyzer6y@netscape.com,Male,1917
252,Kaja Dennehy,kdennehy6z@angelfire.com,Female,1961
253,Karim Grollmann,kgrollmann70@123-reg.co.uk,Male,2001
254,Angie Moreman,amoreman71@about.com,Female,1962
255,Maurizia Perin,mperin72@woothemes.com,Female,1999
256,Heloise Soule,hsoule73@sitemeter.com,Female,2019
257,Derick Becker,dbecker74@foxnews.com,Male,1938
258,Vinita Pakenham,vpakenham75@blog.com,Female,2016
259,Georgetta Monument,gmonument76@mysql.com,Female,2010
260,Kelsey MacNaughton,kmacnaughton77@ed.gov,Male,1943
261,Renado Paver,rpaver78@amazon.de,Male,1973
262,Esta Calderhead,ecalderhead79@tmall.com,Female,1955
263,Nara Scaplehorn,nscaplehorn7a@is.gd,Female,2020
264,Shel Faussett,sfaussett7b@illinois.edu,Female,1994
265,Miguela Terram,mterram7c@google.de,Female,1970
266,Lainey Riccelli,lriccelli7d@hostgator.com,Female,1925
267,Louisette Gelland,lgelland7e@freewebs.com,Female,1986
268,Jorgan Dik,jdik7f@slashdot.org,Male,2005
269,Laverne Weeks,lweeks7g@gov.uk,Female,1984
270,Deina Slevin,dslevin7h@slashdot.org,Female,1908
271,Cher Holley,cholley7i@hubpages.com,Female,1975
272,Langsdon Eastham,leastham7j@mit.edu,Male,1962
273,Bibby Pering,bpering7k@hugedomains.com,Female,1963
274,Christin Orniz,corniz7l@tumblr.com,Genderqueer,2015
275,Gregor Seabourne,gseabourne7m@go.com,Male,1923
276,Seymour Robun,srobun7n@princeton.edu,Genderqueer,1955
277,Rosene Roxburgh,rroxburgh7o@edublogs.org,Female,1918
278,Grace Gerretsen,ggerretsen7p@nature.com,Male,2016
279,Lucho Nowill,lnowill7q@sogou.com,Male,1918
280,Erin Dawdry,edawdry7r@github.com,Female,1915
281,Jillayne Steketee,jsteketee7s@1und1.de,Female,1961
282,Tilly Puckett,tpuckett7t@hc360.com,Female,1976
283,Yelena Bogey,ybogey7u@constantcontact.com,Female,2004
284,Nikolos Curragh,ncurragh7v@mysql.com,Male,1948
285,Archambault Dilawey,adilawey7w@sciencedaily.com,Polygender,1998
286,Katherine Scotchbrook,kscotchbrook7x@mlb.com,Female,1915
287,Tripp Maudson,tmaudson7y@imgur.com,Male,1916
288,Edin Duferie,eduferie7z@altervista.org,Female,1998
289,Torrey Baumert,tbaumert80@mashable.com,Male,1964
290,Corty Kittow,ckittow81@abc.net.au,Male,1924
291,Marketa Saban,msaban82@twitter.com,Female,1944
292,Emerson MacGraith,emacgraith83@patch.com,Male,1999
293,Keane Casement,kcasement84@i2i.jp,Male,2011
294,Broderic Silly,bsilly85@scribd.com,Male,1981
295,Timofei Kornilyev,tkornilyev86@163.com,Male,2012
296,Glyn Manville,gmanville87@networkadvertising.org,Male,1975
297,Harlie Dodell,hdodell88@reverbnation.com,Female,2014
298,Wyatan Ege,wege89@technorati.com,Male,1967
299,Sue Malden,smalden8a@wix.com,Female,1902
300,Aarcellus Bellelli,mbellelli8b@princeton.edu,Male,2020
301,Babbette Witchell,bwitchell8c@nba.com,Female,2011
302,Vic Nast,vnast8d@ovh.net,Male,1963
303,Case Colebourn,ccolebourn8e@bravesites.com,Male,1998
304,Merry Hapke,mhapke8f@bigcartel.com,Female,1962
305,Kimberlyn Champkin,kchampkin8g@answers.com,Female,1994
306,Lanae Paton,lpaton8h@boston.com,Female,2007
307,Ethelda O'Grada,eograda8i@cocolog-nifty.com,Female,1950
308,Rip Braybrooke,rbraybrooke8j@nhs.uk,Male,1961
309,Berty Weepers,bweepers8k@si.edu,Bigender,1906
310,Joelynn Wakelam,jwakelam8l@altervista.org,Female,1934
311,Kiersten Odgaard,kodgaard8m@wordpress.com,Female,2017
312,Merci Maling,mmaling8n@dell.com,Female,1920
313,Eolande Ferronier,eferronier8o@de.vu,Female,1928
314,Onida Crampin,ocrampin8p@fc2.com,Female,2010
315,Tessi Guly,tguly8q@cam.ac.uk,Female,2013
316,Andreana Disman,adisman8r@senate.gov,Female,1925
317,Catarina Thinn,cthinn8s@booking.com,Non-binary,1952
318,Allyce Fittall,afittall8t@cisco.com,Female,1930
319,Sean Skones,sskones8u@ask.com,Genderqueer,1981
320,Carlyn Newnham,cnewnham8v@ca.gov,Female,1941
321,Corrie Heathorn,cheathorn8w@europa.eu,Male,2017
322,Oliviero Florio,oflorio8x@exblog.jp,Bigender,1922
323,Stephannie Walcot,swalcot8y@theglobeandmail.com,Female,1956
324,Gibb Laurant,glaurant8z@imgur.com,Male,2019
325,Keelia Fawcitt,kfawcitt90@newsvine.com,Female,1936
326,Kassia Domenichini,kdomenichini91@utexas.edu,Female,1920
327,Regan Dibbe,rdibbe92@yellowbook.com,Female,1956
328,Glendon Magner,gmagner93@washingtonpost.com,Male,1940
329,Rianon Loney,rloney94@sciencedirect.com,Female,1986
330,Marita Platt,mplatt95@webmd.com,Bigender,1952
331,Jaime Scrivinor,jscrivinor96@harvard.edu,Female,1983
332,Aurelea Fosdyke,afosdyke97@moonfruit.com,Genderfluid,1904
333,Marylin Chastan,mchastan98@delicious.com,Female,1954
334,Sauncho Hempel,shempel99@meetup.com,Male,1954
335,Melony Darko,mdarko9a@addtoany.com,Genderfluid,1948
336,Thane Johnsey,tjohnsey9b@gmpg.org,Agender,1932
337,Ricky Klimczak,rklimczak9c@businesswire.com,Male,1968
338,Maurie Hickinbottom,mhickinbottom9d@ask.com,Male,1986
339,Gertrudis Senton,gsenton9e@squidoo.com,Female,1929
340,Ernesto Nel,enel9f@jigsy.com,Male,1917
341,Adela Ebbetts,aebbetts9g@youku.com,Female,1918
342,Arne Ashe,aashe9h@google.co.jp,Male,1944
343,Grata Ryland,gryland9i@bbc.co.uk,Female,1962
344,Eveleen Dredge,edredge9j@about.com,Genderqueer,1946
345,Crosby Plues,cplues9k@sogou.com,Male,2019
346,Erie Spata,espata9l@marriott.com,Male,1929
347,Annmaria Waite,awaite9m@accuweather.com,Female,1933
348,Vincent Kleingrub,vkleingrub9n@printfriendly.com,Male,1970
349,Jacquelynn Colbridge,jcolbridge9o@imdb.com,Female,1942
350,Sauveur Hunnicot,shunnicot9p@yahoo.com,Male,1952
351,Locke Melmore,lmelmore9q@istockphoto.com,Male,1901
352,Horacio Reader,hreader9r@ucsd.edu,Male,1967
353,Joleen Redgewell,jredgewell9s@gizmodo.com,Female,2004
354,Ugo Micklewicz,umicklewicz9t@mit.edu,Male,1933
355,Skylar Trounce,strounce9u@cbsnews.com,Male,1926
356,Howey Rief,hrief9v@bloomberg.com,Male,1936
357,Taylor McCarl,tmccarl9w@gmpg.org,Male,1930
358,Hannah Blease,hblease9x@gizmodo.com,Female,1964
359,Cindee Beale,cbeale9y@yellowbook.com,Female,1959
360,Alfons Basson,abasson9z@ow.ly,Male,1967
361,Joycelin MacCaghan,jmaccaghana0@devhub.com,Agender,1997
362,Dieter Rainton,draintona1@discuz.net,Male,1932
363,Padraic Nattriss,pnattrissa2@tmall.com,Male,1911
364,Benedicta Astin,bastina3@huffingtonpost.com,Polygender,1975
365,Tybie Carabet,tcarabeta4@zimbio.com,Female,1974
366,Jennifer McCurtain,jmccurtaina5@nymag.com,Female,1907
367,Gothart Speechly,gspeechlya6@oracle.com,Male,1909
368,Carlin Lazarus,clazarusa7@imgur.com,Female,1975
369,Matthias Riden,mridena8@mozilla.org,Male,1984
370,Marlowe Visco,mviscoa9@gmpg.org,Male,2008
371,Culley Prawle,cprawleaa@naver.com,Male,2007
372,Sayres Donati,sdonatiab@t-online.de,Male,2013
373,Giordano Ginie,gginieac@sphinn.com,Non-binary,2020
374,Hertha O'Hallihane,hohallihanead@china.com.cn,Female,2017
375,Hanna Message,hmessageae@zdnet.com,Female,1933
376,Alfred Bothram,abothramaf@go.com,Male,1941
377,Cinda Christian,cchristianag@utexas.edu,Genderqueer,1975
378,Barclay Basten,bbastenah@netlog.com,Male,1963
379,Una McIlreavy,umcilreavyai@kickstarter.com,Female,1983
380,Karoly Simonnin,ksimonninaj@networkadvertising.org,Female,2020
381,Minta Keighley,mkeighleyak@census.gov,Female,2011
382,Edmund Gages,egagesal@youku.com,Male,1956
383,Johnathan Ixer,jixeram@biblegateway.com,Male,1903
384,Paige Amott,pamottan@over-blog.com,Genderfluid,1954
385,Rees Carbry,rcarbryao@bluehost.com,Male,2007
386,Ulrica Brendish,ubrendishap@phoca.cz,Female,1995
387,Gerhardt Crowson,gcrowsonaq@xrea.com,Male,1901
388,Yetta Featenby,yfeatenbyar@mysql.com,Agender,1907
389,Jermain Hateley,jhateleyas@weebly.com,Male,1979
390,Carmella Blasgen,cblasgenat@disqus.com,Bigender,2008
391,Penny Noone,pnooneau@gmpg.org,Female,1992
392,Heda Cool,hcoolav@vimeo.com,Female,2019
393,Baily Dillintone,bdillintoneaw@whitehouse.gov,Male,2001
394,Mari Brasener,mbrasenerax@moonfruit.com,Female,1920
395,Cammy Sandells,csandellsay@163.com,Female,1985
396,Kathye Faudrie,kfaudrieaz@alibaba.com,Female,1941
397,Nicola Rodda,nroddab0@yellowbook.com,Female,2008
398,Nerte Weaben,nweabenb1@alexa.com,Non-binary,1939
399,Dunn Guppey,dguppeyb2@discovery.com,Male,1929
400,Gisela O'Hanlon,gohanlonb3@stanford.edu,Female,1948
401,Rocky Crutchley,rcrutchleyb4@google.com.au,Male,1909
402,Adan Passo,apassob5@sun.com,Female,2018
403,Chas Howland,chowlandb6@networkadvertising.org,Genderfluid,1981
404,Moishe Attwoul,mattwoulb7@youtube.com,Male,1923
405,Dimitri Burgyn,dburgynb8@geocities.com,Male,2010
406,Lionel Beauchamp,lbeauchampb9@freewebs.com,Male,1948
407,Cletus Romans,cromansba@cnn.com,Male,2003
408,Juli Storrie,jstorriebb@dedecms.com,Female,2019
409,Foss Franey,ffraneybc@tamu.edu,Male,1903
410,Hobey Cochet,hcochetbd@blinklist.com,Male,1980
411,Ariela Stearndale,astearndalebe@sakura.ne.jp,Female,1968
412,Augustine Messier,amessierbf@weather.com,Male,1953
413,Alexis Worboys,aworboysbg@de.vu,Agender,2011
414,Merrel Bolduc,mbolducbh@spiegel.de,Male,1955
415,Abran Rickards,arickardsbi@npr.org,Male,1984
416,Denney Wedlock,dwedlockbj@theguardian.com,Male,1951
417,Willis Lavalle,wlavallebk@facebook.com,Male,1960
418,Mersey Matashkin,mmatashkinbl@imageshack.us,Female,1903
419,Julie Casperri,jcasperribm@disqus.com,Female,1990
420,Flin Chadderton,fchaddertonbn@wordpress.org,Bigender,1969
421,Jori Sidebotham,jsidebothambo@sphinn.com,Female,1978
422,Larine Brightman,lbrightmanbp@paypal.com,Female,1959
423,Gay Huggens,ghuggensbq@icio.us,Male,1943
424,Josee FitzGeorge,jfitzgeorgebr@samsung.com,Female,1993
425,Melantha Karpman,mkarpmanbs@livejournal.com,Female,1974
426,Morganne Page,mpagebt@nps.gov,Female,1908
427,Rowney Cottem,rcottembu@bluehost.com,Male,1982
428,Erl Shieber,eshieberbv@oracle.com,Male,1905
429,Cordi Bilston,cbilstonbw@mapy.cz,Polygender,1947
430,Ferris Deval,fdevalbx@bbb.org,Male,1916
431,Nikos Jeanesson,njeanessonby@huffingtonpost.com,Male,1902
432,Nickie Retallick,nretallickbz@naver.com,Male,2001
433,Chris Hynde,chyndec0@freewebs.com,Male,2006
434,Cary Aldwich,caldwichc1@amazon.co.jp,Genderfluid,1983
435,Horst Juggings,hjuggingsc2@linkedin.com,Male,1929
436,Hartley Dowson,hdowsonc3@bbb.org,Male,1989
437,Curtis Boniface,cbonifacec4@devhub.com,Male,1982
438,Raphaela Jursch,rjurschc5@csmonitor.com,Female,2012
439,Lissie Woodall,lwoodallc6@amazon.de,Polygender,1915
440,Nickey Toten,ntotenc7@sakura.ne.jp,Male,1998
441,Anatollo Pahler,apahlerc8@apache.org,Male,1926
442,Frederic Rampley,frampleyc9@ustream.tv,Male,2004
443,Sayre Yearron,syearronca@blogspot.com,Male,1966
444,Joel Cunnane,jcunnanecb@ovh.net,Male,1942
445,Bondie Dowdall,bdowdallcc@posterous.com,Male,1921
446,Brion Sandiford,bsandifordcd@quantcast.com,Male,1933
447,Seline Fydo,sfydoce@ehow.com,Polygender,1962
448,Nero O'Bruen,nobruencf@wiley.com,Male,1902
449,Darnell Pizer,dpizercg@cisco.com,Male,1969
450,Dorey Mallinar,dmallinarch@sfgate.com,Male,1988
451,Tybalt Petren,tpetrenci@admin.ch,Male,1943
452,Hasheem Paszek,hpaszekcj@gov.uk,Male,1981
453,Nick Ivanin,nivaninck@mozilla.com,Male,2020
454,Caitrin Cattel,ccattelcl@theglobeandmail.com,Female,1950
455,Piper Ashby,pashbycm@last.fm,Female,2002
456,Lu Goodrick,lgoodrickcn@51.la,Female,2005
457,Rickey Barrowclough,rbarrowcloughco@scribd.com,Male,1952
458,Cindie Hein,cheincp@furl.net,Female,1954
459,Loy Filan,lfilancq@oracle.com,Male,1946
460,Clayborne Harcombe,charcombecr@ning.com,Male,1978
461,Delia Longstreeth,dlongstreethcs@examiner.com,Female,1901
462,Melany Pethybridge,mpethybridgect@narod.ru,Female,1944
463,Sawyer Cristol,scristolcu@1688.com,Male,2012
464,Vanya Baildon,vbaildoncv@cisco.com,Male,1970
465,Sapphira Ramelot,sramelotcw@oracle.com,Female,2006
466,Gery Ramshay,gramshaycx@google.co.jp,Male,2008
467,Pattin Pregal,ppregalcy@sfgate.com,Male,1943
468,Giffie Piercy,gpiercycz@prweb.com,Male,2020
469,Amii Leere,aleered0@constantcontact.com,Female,1948
470,Paige Sircomb,psircombd1@biglobe.ne.jp,Male,1908
471,Lizzy Cordery,lcorderyd2@shop-pro.jp,Female,2017
472,Esra Enriques,eenriquesd3@1und1.de,Male,2000
473,Will Cudworth,wcudworthd4@geocities.com,Male,1924
474,Ara Ceci,acecid5@php.net,Male,2004
475,Hamid Sawdon,hsawdond6@icq.com,Male,1981
476,Darcee Olander,dolanderd7@webmd.com,Female,2017
477,Justino Sleath,jsleathd8@house.gov,Male,1927
478,Ilyssa Busfield,ibusfieldd9@hatena.ne.jp,Female,1999
479,Leonerd Craigg,lcraiggda@parallels.com,Male,2005
480,Erinna Pinel,epineldb@moonfruit.com,Female,1991
481,Leigh Corrin,lcorrindc@rakuten.co.jp,Female,1994
482,Anallise Godart,agodartdd@mapy.cz,Female,2004
483,Cindelyn Smithen,csmithende@patch.com,Female,1952
484,Sutherland Klimecki,sklimeckidf@unesco.org,Male,1950
485,Edie Bawles,ebawlesdg@sfgate.com,Non-binary,1980
486,Verine Perez,vperezdh@marketwatch.com,Polygender,1991
487,Jeanette Ronisch,jronischdi@biblegateway.com,Female,1986
488,Sansone Banbrook,sbanbrookdj@bloomberg.com,Male,1967
489,Arlinda Jewers,ajewersdk@independent.co.uk,Female,1960
490,Elayne Feveryear,efeveryeardl@vimeo.com,Female,1928
491,Ram Sotheby,rsothebydm@amazon.de,Male,1907
492,Effie Fissenden,efissendendn@prnewswire.com,Female,1938
493,Moina Hovee,mhoveedo@moonfruit.com,Female,1999
494,Wilden Gallichiccio,wgallichicciodp@usnews.com,Male,1987
495,Bobette Danser,bdanserdq@archive.org,Female,1952
496,Caryl Clay,cclaydr@hexun.com,Male,2008
497,Kahaleel Messruther,kmessrutherds@amazon.co.jp,Male,1965
498,Massimiliano Sissens,msissensdt@symantec.com,Male,2020
499,Ardys Hancorn,ahancorndu@istockphoto.com,Female,2018
500,Dylan Bowditch,dbowditchdv@nasa.gov,Male,1915
501,Sorcha Kevern,skeverndw@blogspot.com,Female,1910
502,Barrett Doherty,bdohertydx@marriott.com,Genderqueer,2003
503,Johnathan Appleyard,jappleyarddy@goo.ne.jp,Male,2002
504,Willa Simao,wsimaodz@imdb.com,Female,1914
505,Clarey Ugo,cugoe0@spiegel.de,Female,1988
506,Howie Klaes,hklaese1@tripod.com,Genderfluid,1927
507,Petrina Steuhlmeyer,psteuhlmeyere2@163.com,Female,1974
508,Massimiliano Martinez,mmartineze3@columbia.edu,Male,1970
509,Marylin Mc Giffin,mmce4@theguardian.com,Genderqueer,1941
510,Ethelred Olesen,eolesene5@google.com,Male,1999
511,Abbe Cleave,acleavee6@myspace.com,Male,1964
512,Cherey Priest,cprieste7@alexa.com,Female,1944
513,Stefano Douberday,sdouberdaye8@buzzfeed.com,Male,1932
514,Cull Boocock,cboococke9@gnu.org,Male,1953
515,Tiler Haccleton,thaccletonea@hp.com,Male,1994
516,Antonina Tetford,atetfordeb@google.com.br,Female,1970
517,Marcello Fellman,mfellmanec@wiley.com,Male,2003
518,Osbourn Cockburn,ocockburned@uiuc.edu,Male,2003
519,Vittoria Klemensiewicz,vklemensiewiczee@github.io,Female,1998
520,Salomon Crolla,scrollaef@stanford.edu,Male,2006
521,Dallon Mulcahy,dmulcahyeg@chicagotribune.com,Male,1978
522,Annelise O'Nion,aonioneh@booking.com,Female,1929
523,Locke Delaney,ldelaneyei@photobucket.com,Male,1907
524,Buckie Proughten,bproughtenej@illinois.edu,Male,1950
525,Sarajane Northbridge,snorthbridgeek@imgur.com,Female,2017
526,Alma Lengthorn,alengthornel@netscape.com,Genderqueer,1977
527,Gradeigh Wyllis,gwyllisem@blogger.com,Male,1953
528,Egor Mazzeo,emazzeoen@ted.com,Polygender,2007
529,Sayres Cornil,scornileo@booking.com,Male,1970
530,Tucker Tenman,ttenmanep@nifty.com,Male,2008
531,Lazarus O'Cassidy,locassidyeq@stumbleupon.com,Male,1953
532,Idalia Fergusson,ifergussoner@qq.com,Female,1976
533,Malory Burgisi,mburgisies@mysql.com,Female,1977
534,Cindelyn Solloway,csollowayet@scientificamerican.com,Female,1966
535,Charmine Gabbidon,cgabbidoneu@last.fm,Female,1901
536,Dacia Lount,dlountev@ameblo.jp,Polygender,1984
537,Anitra Pude,apudeew@shareasale.com,Female,1913
538,Zak Kaines,zkainesex@freewebs.com,Genderqueer,1961
539,Devan Mosdell,dmosdelley@fc2.com,Agender,1995
540,Antonino Sterzaker,asterzakerez@cafepress.com,Male,2000
541,Rafaela Ellerbeck,rellerbeckf0@sohu.com,Female,1917
542,Ernie Caulliere,ecaullieref1@amazonaws.com,Male,2016
543,Jaye Espadater,jespadaterf2@xing.com,Male,1988
544,Bartel Dawidowsky,bdawidowskyf3@dion.ne.jp,Male,1937
545,Kirsti Clemes,kclemesf4@tuttocitta.it,Non-binary,1927
546,Katlin Lacrouts,klacroutsf5@biglobe.ne.jp,Female,1920
547,Ferdy MacGee,fmacgeef6@answers.com,Male,1933
548,Tobias Tomsett,ttomsettf7@jiathis.com,Male,1901
549,Richy McCritichie,rmccritichief8@yellowpages.com,Male,1936
550,Junette Ferreri,jferrerif9@alibaba.com,Female,1961
551,Christie Gayler,cgaylerfa@ucoz.com,Male,1993
552,Giulia Halwell,ghalwellfb@oakley.com,Female,1989
553,Trstram Jennaroy,tjennaroyfc@arizona.edu,Male,1987
554,Thomas Allden,talldenfd@hc360.com,Male,2016
555,Dulcinea Gottelier,dgottelierfe@slideshare.net,Female,1981
556,Neel Sherman,nshermanff@pcworld.com,Male,1940
557,Stephanus Shinefield,sshinefieldfg@bbc.co.uk,Male,1968
558,Mohandas Nodes,mnodesfh@theguardian.com,Male,1929
559,Coop Winning,cwinningfi@hp.com,Male,1902
560,Kristy Haskell,khaskellfj@paginegialle.it,Female,1986
561,Leroy Gollin,lgollinfk@usatoday.com,Male,1961
562,Dolli Swindley,dswindleyfl@cnn.com,Polygender,1927
563,Dell Rawdales,drawdalesfm@ucoz.com,Female,1944
564,Marshal Tesdale,mtesdalefn@indiatimes.com,Male,2012
565,Spence Granville,sgranvillefo@ustream.tv,Male,1964
566,Glen Turfes,gturfesfp@census.gov,Male,1999
567,Alvin Jessopp,ajessoppfq@barnesandnoble.com,Male,1920
568,Kingsley Klaaasen,kklaaasenfr@mapquest.com,Male,1962
569,Lizette Innman,linnmanfs@parallels.com,Female,2015
570,Lawrence Spilsted,lspilstedft@tmall.com,Male,1996
571,Gonzales Labin,glabinfu@rambler.ru,Male,1917
572,Charlotte Andreia,candreiafv@npr.org,Female,2000
573,Lenette McDougle,lmcdouglefw@netlog.com,Female,1928
574,Archaimbaud Bussetti,abussettifx@wikia.com,Male,1957
575,Roderic Smalles,rsmallesfy@g.co,Male,1911
576,Lindon Connolly,lconnollyfz@simplemachines.org,Male,1982
577,Leoine Lineker,llinekerg0@joomla.org,Female,1901
578,Gaspar Conrart,gconrartg1@earthlink.net,Male,1969
579,Fields Aps,fapsg2@bizjournals.com,Male,1993
580,Juanita MacGettigen,jmacgettigeng3@paginegialle.it,Female,1942
581,Phoebe Borton,pbortong4@mtv.com,Female,1945
582,Lorelle Garralts,lgarraltsg5@mediafire.com,Female,2011
583,Gorden Cubley,gcubleyg6@soup.io,Male,2018
584,Nikki Gurr,ngurrg7@liveinternet.ru,Female,1956
585,Joycelin Gozard,jgozardg8@mozilla.com,Female,1936
586,Kathye Pitson,kpitsong9@wiley.com,Female,1963
587,Craggy Rudsdell,crudsdellga@seesaa.net,Male,1971
588,Sigrid Valance,svalancegb@mapquest.com,Female,1997
589,Yorker Gibard,ygibardgc@lycos.com,Male,2014
590,Ernestine Mayworth,emayworthgd@shop-pro.jp,Female,1981
591,Lilias von Nassau,lvonge@i2i.jp,Female,1944
592,Pace Havers,phaversgf@ibm.com,Male,1947
593,Bonnibelle Megany,bmeganygg@netvibes.com,Female,2002
594,Eachelle Barreau,ebarreaugh@nymag.com,Female,2002
595,Ashla Lippett,alippettgi@cnn.com,Female,1907
596,Britteny Sprasen,bsprasengj@washington.edu,Female,2013
597,Basil Cordery,bcorderygk@opera.com,Male,2000
598,Jocko Cochet,jcochetgl@harvard.edu,Male,1917
599,Katti Rideout,krideoutgm@ovh.net,Female,1926
600,Maire Alflatt,malflattgn@yellowbook.com,Female,1945
601,Duke Alyonov,dalyonovgo@phpbb.com,Male,1945
602,Nickolas Smeaton,nsmeatongp@mtv.com,Male,1950
603,Allen Thunders,athundersgq@live.com,Male,1950
604,Roderic Moncur,rmoncurgr@ehow.com,Male,1987
605,Frederich Nutter,fnuttergs@mapy.cz,Male,1965
606,Ardelis Spink,aspinkgt@flickr.com,Female,2013
607,Claudina Harm,charmgu@vinaora.com,Female,2008
608,Effie Storer,estorergv@lulu.com,Female,1955
609,Garnette Greenard,ggreenardgw@furl.net,Female,1911
610,Camey Hacun,chacungx@columbia.edu,Male,1992
611,Corinna De Biasi,cdegy@weebly.com,Female,1952
612,Janaye Kays,jkaysgz@google.com.hk,Female,1930
613,Stuart McCray,smccrayh0@oaic.gov.au,Male,1969
614,Bellina Freda,bfredah1@over-blog.com,Female,1908
615,Isabelita Coolson,icoolsonh2@google.fr,Female,1962
616,Alexei Cooch,acoochh3@springer.com,Male,1955
617,Juan Schneidau,jschneidauh4@bloglovin.com,Male,1989
618,Julissa Thrasher,jthrasherh5@google.ru,Female,1911
619,Cecilla Melliard,cmelliardh6@nature.com,Female,1947
620,Josias Grelik,jgrelikh7@house.gov,Male,1955
621,Reagen Sclanders,rsclandersh8@ustream.tv,Non-binary,2015
622,Dew Larby,dlarbyh9@msn.com,Male,1920
623,Kameko Bolesworth,kbolesworthha@businessinsider.com,Female,2001
624,Dahlia Osban,dosbanhb@hc360.com,Female,1901
625,Stacy Hayler,shaylerhc@intel.com,Male,1957
626,Devondra Lange,dlangehd@github.com,Female,1998
627,Camila Ortes,corteshe@privacy.gov.au,Female,2012
628,Hetty Waterdrinker,hwaterdrinkerhf@phpbb.com,Female,1937
629,Pierrette Harvett,pharvetthg@theatlantic.com,Bigender,1987
630,Paige Berthome,pberthomehh@t.co,Male,1966
631,Percy Gorling,pgorlinghi@cdc.gov,Male,1911
632,Mil Dyer,mdyerhj@shinystat.com,Female,1953
633,Irma Hazeldene,ihazeldenehk@wordpress.org,Female,1978
634,Bryan Twinbourne,btwinbournehl@ebay.co.uk,Male,2009
635,Riley Capelle,rcapellehm@networkadvertising.org,Genderfluid,2019
636,Magdalene Vicarey,mvicareyhn@scientificamerican.com,Female,1965
637,Blinni Hehir,bhehirho@google.com.br,Female,1935
638,Olin Attew,oattewhp@pen.io,Male,1946
639,Stephi Wichard,swichardhq@wordpress.com,Female,1943
640,Teodor Feldhuhn,tfeldhuhnhr@omniture.com,Male,1929
641,Rosemarie De Micoli,rdehs@nih.gov,Female,1922
642,Zonda Connick,zconnickht@weebly.com,Female,2009
643,Carlyn Innot,cinnothu@list-manage.com,Genderqueer,1937
644,Erina Sandilands,esandilandshv@histats.com,Female,1959
645,Trescha Knifton,tkniftonhw@sourceforge.net,Female,1940
646,Orion Lumly,olumlyhx@nytimes.com,Male,1938
647,Dexter Coalburn,dcoalburnhy@yahoo.co.jp,Male,1997
648,Zollie Whaymand,zwhaymandhz@dropbox.com,Agender,1991
649,Horton Pezey,hpezeyi0@dion.ne.jp,Male,1961
650,Sadye Michelet,smicheleti1@arstechnica.com,Female,1991
651,Osborne Brolly,obrollyi2@cocolog-nifty.com,Male,1987
652,Frazier Derle,fderlei3@domainmarket.com,Male,1984
653,Nonah Osbourn,nosbourni4@stumbleupon.com,Female,1943
654,Briney Maling,bmalingi5@unicef.org,Female,1930
655,Mendel Glanders,mglandersi6@liveinternet.ru,Male,2015
656,Thurstan Calverd,tcalverdi7@miitbeian.gov.cn,Male,1961
657,Harbert Zecchii,hzecchiii8@mediafire.com,Male,1922
658,Frederica Lindenbluth,flindenbluthi9@indiegogo.com,Female,1909
659,Betsy Carling,bcarlingia@last.fm,Female,1948
660,Murdock MacAlees,mmacaleesib@comcast.net,Genderfluid,1946
661,Corinna Scholes,cscholesic@wikimedia.org,Female,1991
662,Suzanne Van Halen,svanid@blogtalkradio.com,Genderqueer,2006
663,Raul Trewhitt,rtrewhittie@blogger.com,Agender,1972
664,Sherlocke Proback,sprobackif@blogtalkradio.com,Male,2000
665,Daniele Raine,draineig@paypal.com,Female,1937
666,Aleta Sarjeant,asarjeantih@weather.com,Female,1933
667,Ric Grouvel,rgrouvelii@netlog.com,Male,2007
668,Gunner Baunton,gbauntonij@domainmarket.com,Male,1958
669,Auroora Wanklyn,awanklynik@diigo.com,Genderfluid,1965
670,Janeva Aldie,jaldieil@buzzfeed.com,Female,1970
671,Rusty Senechault,rsenechaultim@godaddy.com,Male,1955
672,Florence O'Scanlon,foscanlonin@indiatimes.com,Female,1996
673,Pet Gwillym,pgwillymio@blog.com,Female,1909
674,Ahmed Feore,afeoreip@disqus.com,Male,1958
675,Dickie Montford,dmontfordiq@freewebs.com,Male,1951
676,Adolphus Uc,aucir@rakuten.co.jp,Male,1946
677,Lorna Stow,lstowis@ebay.com,Female,2015
678,Thurston Woodier,twoodierit@google.fr,Male,1915
679,Shem Brecknall,sbrecknalliu@cnbc.com,Male,1982
680,Minette Dubble,mdubbleiv@guardian.co.uk,Female,1934
681,Broddy Wetherick,bwetherickiw@privacy.gov.au,Male,1999
682,Laurena Took,ltookix@lulu.com,Non-binary,2014
683,Lotty Skitteral,lskitteraliy@elpais.com,Female,1936
684,Tamiko Rubinovitsch,trubinovitschiz@geocities.jp,Female,1992
685,Cale Stovin,cstovinj0@webmd.com,Bigender,1906
686,Kipp Rampley,krampleyj1@51.la,Female,1943
687,Tobit Starbuck,tstarbuckj2@hatena.ne.jp,Male,1957
688,Caroline Jedrzejkiewicz,cjedrzejkiewiczj3@ucla.edu,Female,1925
689,Haily Tims,htimsj4@zdnet.com,Male,2013
690,Agnese Linnemann,alinnemannj5@squidoo.com,Female,1941
691,Leone Mardle,lmardlej6@umn.edu,Female,1963
692,Charla Cruikshanks,ccruikshanksj7@mashable.com,Female,1915
693,Nesta Gabitis,ngabitisj8@mapy.cz,Female,1907
694,Nadya Allchorn,nallchornj9@webs.com,Female,2008
695,Taryn Bricknall,tbricknallja@shop-pro.jp,Female,1949
696,Gracie Tregent,gtregentjb@chron.com,Female,2018
697,Aubrie Thomson,athomsonjc@diigo.com,Female,1968
698,Frazier Vaux,fvauxjd@ucoz.ru,Male,1979
699,Wilfrid Linde,wlindeje@posterous.com,Male,1927
700,Ram Belfrage,rbelfragejf@pinterest.com,Male,1994
701,Hubie Toffano,htoffanojg@etsy.com,Male,1941
702,Shellie Sivills,ssivillsjh@biblegateway.com,Female,1918
703,Bourke Tynewell,btynewellji@mayoclinic.com,Male,1977
704,Jelene Farnworth,jfarnworthjj@imageshack.us,Female,1940
705,Toni Popplestone,tpopplestonejk@blogs.com,Female,1963
706,Ashley Cumo,acumojl@booking.com,Female,1973
707,Raquela Lerohan,rlerohanjm@rediff.com,Female,1990
708,Eamon Hoxey,ehoxeyjn@blinklist.com,Male,2019
709,Corny Ghilardini,cghilardinijo@wordpress.com,Non-binary,1920
710,Gus Dudbridge,gdudbridgejp@mlb.com,Male,1986
711,Trevor Skidmore,tskidmorejq@nih.gov,Male,1928
712,Padraig Cudd,pcuddjr@uol.com.br,Male,2010
713,Randee Clelland,rclellandjs@creativecommons.org,Female,1929
714,Cori O'Rourke,corourkejt@geocities.com,Male,2016
715,Edgardo Messiter,emessiterju@theatlantic.com,Male,1977
716,Karlie Aldous,kaldousjv@sciencedirect.com,Female,1960
717,Giovanni Handke,ghandkejw@hugedomains.com,Male,1900
718,Teddy Edmeades,tedmeadesjx@nih.gov,Female,1936
719,Rickie Vautier,rvautierjy@fastcompany.com,Male,1928
720,Eloise McNeilley,emcneilleyjz@bandcamp.com,Female,1911
721,Trever Arniz,tarnizk0@huffingtonpost.com,Male,1967
722,Archibold Dearan,adearank1@netvibes.com,Male,1940
723,Mariya Andrus,mandrusk2@deviantart.com,Genderfluid,1997
724,Eleonore Veevers,eveeversk3@google.es,Female,2002
725,Eward Putland,eputlandk4@sohu.com,Male,1954
726,Whitaker Maffeo,wmaffeok5@microsoft.com,Male,2002
727,Willem Drohun,wdrohunk6@cafepress.com,Male,1965
728,Heywood Strettle,hstrettlek7@intel.com,Polygender,2016
729,Charita Bohlje,cbohljek8@freewebs.com,Female,1964
730,Kirsti Alden,kaldenk9@usatoday.com,Female,1949
731,Rosco McLean,rmcleanka@ow.ly,Male,1980
732,Miguela Couve,mcouvekb@cnbc.com,Female,1981
733,Felice Lacknor,flacknorkc@tripod.com,Female,1932
734,Simonne Baldam,sbaldamkd@cnn.com,Female,1956
735,Skippy Scola,sscolake@springer.com,Male,2001
736,Brok Birtwhistle,bbirtwhistlekf@washingtonpost.com,Genderfluid,1976
737,Cazzie Bouskill,cbouskillkg@artisteer.com,Male,1919
738,Elfrida Loan,eloankh@dot.gov,Female,1968
739,Benedicto Gammack,bgammackki@gnu.org,Male,1959
740,Jacquette Borwick,jborwickkj@mit.edu,Female,1923
741,Mariska Pfeuffer,mpfeufferkk@theglobeandmail.com,Female,2006
742,Marin Krug,mkrugkl@cbc.ca,Female,1903
743,Salomone Bourbon,sbourbonkm@scientificamerican.com,Male,2007
744,Cherilynn Schapiro,cschapirokn@seesaa.net,Genderfluid,1918
745,Shanan Crighten,scrightenko@smugmug.com,Male,1965
746,Shir Gainsbury,sgainsburykp@archive.org,Female,2015
747,Shaylyn Macy,smacykq@fda.gov,Female,1924
748,Grace Cousin,gcousinkr@exblog.jp,Male,1966
749,Cecile Ghiraldi,cghiraldiks@jiathis.com,Female,2020
750,Leah Tuting,ltutingkt@prweb.com,Female,1993
751,Angela McClay,amcclayku@bravesites.com,Female,1977
752,Lewie Pfaff,lpfaffkv@wordpress.com,Male,1900
753,Cart Messiter,cmessiterkw@oakley.com,Male,1900
754,Ingmar McMoyer,imcmoyerkx@slate.com,Male,1905
755,Sonnnie Fandrich,sfandrichky@pbs.org,Female,1934
756,Clive Andreotti,candreottikz@last.fm,Male,1971
757,Roger Kynge,rkyngel0@statcounter.com,Genderqueer,1976
758,Bernette Jenkinson,bjenkinsonl1@cargocollective.com,Polygender,2010
759,Karl Gretham,kgrethaml2@clickbank.net,Male,1916
760,Nanny Gritsaev,ngritsaevl3@dot.gov,Female,1905
761,Kathi Kestian,kkestianl4@oracle.com,Female,1935
762,Conroy Giorgietto,cgiorgiettol5@yellowbook.com,Male,2005
763,Denna Sherbrook,dsherbrookl6@psu.edu,Female,1989
764,Garth Mattioni,gmattionil7@1688.com,Male,1981
765,Andris Marron,amarronl8@mozilla.com,Male,2003
766,Obadias Chittim,ochittiml9@vkontakte.ru,Male,1975
767,Ronnie Fermoy,rfermoyla@abc.net.au,Female,1944
768,Lynette Durrans,ldurranslb@de.vu,Female,1993
769,Gerrie Dufer,gduferlc@unesco.org,Female,2020
770,Abran Alyonov,aalyonovld@xrea.com,Male,2010
771,Sydney Grinley,sgrinleyle@usatoday.com,Male,1964
772,Rochester Tschersich,rtschersichlf@illinois.edu,Male,1906
773,Gusti Brixey,gbrixeylg@xinhuanet.com,Female,1991
774,Irena Wightman,iwightmanlh@studiopress.com,Female,1917
775,Dasha Lowson,dlowsonli@berkeley.edu,Female,1970
776,Magdalene Gergus,mgerguslj@hao123.com,Genderqueer,2006
777,Merrick Flintuff,mflintufflk@patch.com,Bigender,2011
778,Daren Zucker,dzuckerll@about.com,Male,1984
779,Jennifer Stother,jstotherlm@yelp.com,Female,1904
780,Amalee Benedick,abenedickln@ustream.tv,Female,2006
781,Julissa Tamblingson,jtamblingsonlo@nasa.gov,Non-binary,2008
782,Karita Burchill,kburchilllp@wired.com,Female,1910
783,Tabbie Woodwin,twoodwinlq@com.com,Female,1953
784,Carline Mibourne,cmibournelr@newsvine.com,Female,1947
785,Blaire Nuccii,bnucciils@cam.ac.uk,Female,2001
786,Howie Coope,hcoopelt@who.int,Male,2016
787,Hamilton Como,hcomolu@dagondesign.com,Male,1980
788,Lorrin Crichmer,lcrichmerlv@w3.org,Female,1970
789,Roger Leinthall,rleinthalllw@youku.com,Male,1915
790,Andros Blamey,ablameylx@i2i.jp,Non-binary,1974
791,Johnna McCready,jmccreadyly@bloomberg.com,Genderfluid,1991
792,Othello Collyns,ocollynslz@yolasite.com,Male,1944
793,Waverley Ferrario,wferrariom0@mediafire.com,Male,1949
794,Mechelle Luce,mlucem1@yandex.ru,Female,1952
795,Wiley Headland,wheadlandm2@quantcast.com,Male,1915
796,Kipp Lowther,klowtherm3@ask.com,Male,1930
797,Farly Kirtley,fkirtleym4@blogger.com,Male,1990
798,Crawford Adderley,cadderleym5@narod.ru,Male,1913
799,Maximilian Yekel,myekelm6@eepurl.com,Male,2002
800,Clarinda Downse,cdownsem7@woothemes.com,Female,2003
801,Erwin Herion,eherionm8@hatena.ne.jp,Male,1981
802,Solomon Langtree,slangtreem9@google.nl,Male,1938
803,Beverie Rolph,brolphma@ycombinator.com,Non-binary,1973
804,Nan Farncombe,nfarncombemb@hao123.com,Female,1981
805,Simona Breen,sbreenmc@guardian.co.uk,Polygender,1930
806,Cathlene Manuel,cmanuelmd@miibeian.gov.cn,Female,1947
807,Daisi Horry,dhorryme@wikipedia.org,Female,2012
808,Denys Fermer,dfermermf@dyndns.org,Female,1931
809,Olivie Kleinplatz,okleinplatzmg@reverbnation.com,Female,2009
810,Lesli Clue,lcluemh@taobao.com,Female,1995
811,Moss MacDiarmid,mmacdiarmidmi@google.ru,Male,1915
812,Chancey Puve,cpuvemj@livejournal.com,Male,2003
813,Lorri Obbard,lobbardmk@w3.org,Female,1922
814,Deloria Fairholme,dfairholmeml@sfgate.com,Female,1957
815,Dyna Tabert,dtabertmm@wikimedia.org,Female,1976
816,Aurore Davidzon,adavidzonmn@icio.us,Female,1947
817,Thor Eagger,teaggermo@histats.com,Genderfluid,1943
818,Worth Siley,wsileymp@google.es,Male,1996
819,Tanya Tradewell,ttradewellmq@toplist.cz,Female,2020
820,Hermon Agates,hagatesmr@yale.edu,Male,1946
821,Zilvia Sorbie,zsorbiems@vk.com,Female,1938
822,Ferdinand Borge,fborgemt@nasa.gov,Male,1996
823,Elsworth Ovesen,eovesenmu@bravesites.com,Male,1912
824,Kiley McSparran,kmcsparranmv@moonfruit.com,Male,1913
825,Morena Neighbour,mneighbourmw@delicious.com,Female,2012
826,Kennith Doelle,kdoellemx@oakley.com,Male,1989
827,Milton Flemming,mflemmingmy@php.net,Male,1938
828,Dorene Kellington,dkellingtonmz@altervista.org,Female,1941
829,Natasha Jouning,njouningn0@merriam-webster.com,Female,1963
830,Upton Caughte,ucaughten1@chron.com,Male,1955
831,Alli Fines,afinesn2@163.com,Female,1973
832,Zaria Beadles,zbeadlesn3@wikipedia.org,Female,1935
833,Sayre Cesconi,scesconin4@arizona.edu,Female,1970
834,Isaiah Ortler,iortlern5@ucla.edu,Male,1979
835,Kermit Poynor,kpoynorn6@vistaprint.com,Male,2001
836,Stevena Bemwell,sbemwelln7@chronoengine.com,Female,2009
837,Mac Du Plantier,mdun8@sciencedaily.com,Male,1982
838,Randi Tonbye,rtonbyen9@reuters.com,Female,2010
839,Rudy Earland,rearlandna@senate.gov,Male,1913
840,Deanne Ambrogetti,dambrogettinb@eventbrite.com,Agender,1974
841,Lodovico Blenkinsop,lblenkinsopnc@issuu.com,Male,1916
842,Livvy Stokell,lstokellnd@t.co,Female,1997
843,Britta Bruffell,bbruffellne@usnews.com,Female,2011
844,Bernardine Haydon,bhaydonnf@nih.gov,Female,1977
845,Laverna Castanone,lcastanoneng@dedecms.com,Female,1913
846,Nikita Willoughey,nwillougheynh@people.com.cn,Male,1985
847,Suzy Muckian,smuckianni@homestead.com,Female,1921
848,Ailee Whenman,awhenmannj@naver.com,Female,1919
849,Latashia Kamiyama,lkamiyamank@bluehost.com,Female,1957
850,Athena McCloch,amcclochnl@oaic.gov.au,Female,2008
851,Annabelle Othen,aothennm@t-online.de,Female,1994
852,Dina Chatelet,dchateletnn@blogtalkradio.com,Female,1940
853,Sherlock Somner,ssomnerno@census.gov,Male,1910
854,Gene Kloss,gklossnp@slideshare.net,Female,1974
855,Cyndy Temlett,ctemlettnq@toplist.cz,Female,1996
856,Darla Curm,dcurmnr@clickbank.net,Female,1975
857,Orren Gearing,ogearingns@bing.com,Male,1983
858,Abbe Bradford,abradfordnt@w3.org,Female,1938
859,Shae Elsby,selsbynu@plala.or.jp,Female,1980
860,Jacinthe Flecknoe,jflecknoenv@mapquest.com,Female,1983
861,Sosanna Deboy,sdeboynw@123-reg.co.uk,Female,1931
862,Dore Buxton,dbuxtonnx@rediff.com,Female,1911
863,Raddie Billingham,rbillinghamny@earthlink.net,Male,2012
864,Jeremy O'Hdirscoll,johdirscollnz@hostgator.com,Male,1954
865,Harvey Mulberry,hmulberryo0@toplist.cz,Male,1967
866,Kitti Renn,krenno1@npr.org,Female,2019
867,Mateo Richardsson,mrichardssono2@themeforest.net,Male,1976
868,Bink Leeson,bleesono3@paginegialle.it,Male,1919
869,Jilleen Sander,jsandero4@weibo.com,Bigender,1974
870,Victor Glidder,vgliddero5@indiatimes.com,Male,1946
871,Tobit Kibard,tkibardo6@icq.com,Male,1985
872,Bjorn Turfitt,bturfitto7@edublogs.org,Male,1952
873,Salli Blackaller,sblackallero8@nyu.edu,Female,2020
874,Karalynn Jeanet,kjeaneto9@diigo.com,Female,2010
875,Tamas Lidell,tlidelloa@studiopress.com,Male,1990
876,Chicky Suttie,csuttieob@ehow.com,Female,1965
877,Killie Salaman,ksalamanoc@accuweather.com,Male,2018
878,Tabb Priver,tpriverod@topsy.com,Male,1947
879,Deana Matton,dmattonoe@reference.com,Female,1952
880,Chancey Dimelow,cdimelowof@zdnet.com,Male,1911
881,Emanuel Kineton,ekinetonog@bing.com,Non-binary,1982
882,Shirline Ponte,sponteoh@ocn.ne.jp,Female,1982
883,Ardys Avrahm,aavrahmoi@utexas.edu,Female,1939
884,Beulah Shenton,bshentonoj@wisc.edu,Female,1940
885,Thayne Gillean,tgilleanok@spiegel.de,Male,1998
886,Renaldo Foottit,rfoottitol@jiathis.com,Male,1965
887,Clayborne Gostling,cgostlingom@amazon.co.uk,Bigender,1944
888,Udell Livett,ulivetton@qq.com,Male,1910
889,Lida Denial,ldenialoo@geocities.jp,Female,1982
890,Erich Avramovsky,eavramovskyop@craigslist.org,Genderfluid,2002
891,Meris McGlone,mmcgloneoq@infoseek.co.jp,Female,1901
892,Donall Hulett,dhulettor@intel.com,Male,1912
893,Brett McKimmey,bmckimmeyos@tamu.edu,Male,2009
894,Coriss Lantiff,clantiffot@ucsd.edu,Female,2008
895,Bevvy Moule,bmouleou@spiegel.de,Agender,1986
896,Ravi Flett,rflettov@alibaba.com,Bigender,1969
897,Milzie Ingledow,mingledowow@msu.edu,Female,1986
898,Janella Mumby,jmumbyox@ucsd.edu,Female,1910
899,Garey MacAloren,gmacalorenoy@upenn.edu,Male,2005
900,Morissa MacCahee,mmaccaheeoz@studiopress.com,Female,2007
901,Henderson Breen,hbreenp0@ucla.edu,Male,1971
902,Loreen Lidell,llidellp1@aboutads.info,Female,1948
903,Dedra Beston,dbestonp2@networksolutions.com,Female,1994
904,Tybalt Pauletti,tpaulettip3@merriam-webster.com,Male,1934
905,Waylon Gerlack,wgerlackp4@meetup.com,Male,1949
906,Merry Jedrych,mjedrychp5@bandcamp.com,Female,2006
907,Siusan Pagitt,spagittp6@ihg.com,Female,1975
908,Kerwin Scanlon,kscanlonp7@guardian.co.uk,Male,1936
909,Hugues Deacon,hdeaconp8@ow.ly,Male,1919
910,Philip McGaugey,pmcgaugeyp9@4shared.com,Male,2001
911,Sigvard Winspire,swinspirepa@apple.com,Male,2017
912,Madonna Greason,mgreasonpb@oakley.com,Female,1945
913,Tracie Charteris,tcharterispc@privacy.gov.au,Male,1916
914,Murdock Richard,mrichardpd@redcross.org,Male,1994
915,Sidney Colclough,scolcloughpe@patch.com,Male,1988
916,Gabriellia Klimkin,gklimkinpf@ustream.tv,Female,1948
917,Traver Durrand,tdurrandpg@illinois.edu,Male,2019
918,Zara Grafton,zgraftonph@unesco.org,Female,1979
919,Essie Abdie,eabdiepi@imageshack.us,Female,1926
920,Muffin Dudney,mdudneypj@hibu.com,Male,1911
921,Devi Jindracek,djindracekpk@tinyurl.com,Female,1902
922,Maynord Cheal,mchealpl@earthlink.net,Male,1941
923,Portie Simak,psimakpm@desdev.cn,Male,1959
924,Brendon Phizackarley,bphizackarleypn@miitbeian.gov.cn,Male,2004
925,Harrietta Hexum,hhexumpo@hibu.com,Female,1998
926,Joshua Dooly,jdoolypp@google.com,Male,1942
927,Stoddard Peasegod,speasegodpq@goo.ne.jp,Female,1928
928,Ogden Brotherhead,obrotherheadpr@blog.com,Male,1965
929,Sileas Shortin,sshortinps@sourceforge.net,Female,1962
930,De witt Belamy,dwittpt@yale.edu,Male,1987
931,Gabriele Blackaller,gblackallerpu@mayoclinic.com,Male,2008
932,Cortney Struijs,cstruijspv@reference.com,Female,1953
933,Linnell Stradling,lstradlingpw@jalbum.net,Female,1983
934,Berget Yerrill,byerrillpx@china.com.cn,Female,2020
935,Mac Lots,mlotspy@mediafire.com,Male,1944
936,Northrop Bedborough,nbedboroughpz@ifeng.com,Male,1994
937,Hewet Fusedale,hfusedaleq0@gizmodo.com,Male,1925
938,Rowan Pinxton,rpinxtonq1@ft.com,Male,1977
939,Merrilee Awcoate,mawcoateq2@nymag.com,Female,1912
940,Dory Geraudel,dgeraudelq3@sbwire.com,Female,1950
941,Cull Guilfoyle,cguilfoyleq4@cmu.edu,Male,1900
942,Tracy Esom,tesomq5@delicious.com,Male,1945
943,Siouxie Flacknoe,sflacknoeq6@chronoengine.com,Female,1957
944,Frannie Offord,foffordq7@economist.com,Female,1938
945,Jeannette Bareham,jbarehamq8@ucsd.edu,Female,1933
946,Garrik Verrillo,gverrilloq9@deviantart.com,Male,1966
947,Thurston Pridden,tpriddenqa@artisteer.com,Male,1978
948,Maud Rummings,mrummingsqb@unc.edu,Female,1928
949,Cherida Kayes,ckayesqc@newsvine.com,Female,2015
950,Agata Trudgian,atrudgianqd@twitter.com,Non-binary,1959
951,Harriett Rodenburg,hrodenburgqe@histats.com,Female,1949
952,Chan Kiloh,ckilohqf@godaddy.com,Male,1949
953,Belinda Vanyard,bvanyardqg@go.com,Female,1994
954,Penny Wainman,pwainmanqh@abc.net.au,Male,1917
955,Rozelle Pillinger,rpillingerqi@yellowbook.com,Female,1911
956,Marshall Maultby,mmaultbyqj@pagesperso-orange.fr,Male,1950
957,Vernen Comar,vcomarqk@rediff.com,Male,1907
958,Joe Mowsdell,jmowsdellql@who.int,Agender,1921
959,Freeland Beamont,fbeamontqm@sakura.ne.jp,Male,1972
960,Denise Potkin,dpotkinqn@ning.com,Female,1917
961,Fleming Airton,fairtonqo@princeton.edu,Male,1944
962,Isaak Ivanshintsev,iivanshintsevqp@time.com,Male,1974
963,Bebe Genge,bgengeqq@nyu.edu,Female,1916
964,Lanita McKeighen,lmckeighenqr@qq.com,Female,1929
965,Felice Trenear,ftrenearqs@prweb.com,Male,1974
966,Loy Di Ruggiero,ldiqt@godaddy.com,Male,1999
967,Elvin Culter,eculterqu@msu.edu,Male,1980
968,Almire Bestwick,abestwickqv@sina.com.cn,Female,2016
969,Frederick Balsellie,fbalsellieqw@sina.com.cn,Male,1957
970,Zared Gowdie,zgowdieqx@bluehost.com,Male,1900
971,Wilhelmine Vince,wvinceqy@forbes.com,Female,1967
972,Mendie Isaksson,misakssonqz@tmall.com,Male,2011
973,Victoria Strowger,vstrowgerr0@angelfire.com,Female,1926
974,Harri Colthard,hcolthardr1@multiply.com,Female,1909
975,Velvet Stendall,vstendallr2@noaa.gov,Female,1935
976,Elroy Mingotti,emingottir3@networkadvertising.org,Male,1981
977,Catha Kyffin,ckyffinr4@rakuten.co.jp,Female,1956
978,Deloria Calkin,dcalkinr5@blogtalkradio.com,Female,2018
979,Francine McKinney,fmckinneyr6@istockphoto.com,Female,1982
980,Mendel Higgen,mhiggenr7@jalbum.net,Male,2019
981,Taylor Langland,tlanglandr8@squidoo.com,Male,1940
982,Tabbitha Midford,tmidfordr9@t-online.de,Female,1982
983,Blanca O'Lochan,bolochanra@eepurl.com,Female,1959
984,Giacomo Eccersley,geccersleyrb@com.com,Male,1973
985,Hillery Paish,hpaishrc@squidoo.com,Male,1923
986,Brennan Strugnell,bstrugnellrd@lulu.com,Male,1917
987,Nichole Bertomeu,nbertomeure@foxnews.com,Male,1984
988,Malissa Hertwell,mhertwellrf@engadget.com,Female,1994
989,Reginald Bartolijn,rbartolijnrg@comcast.net,Male,1967
990,Domenico Harget,dhargetrh@networksolutions.com,Genderfluid,2019
991,Adi Buche,abucheri@printfriendly.com,Female,1943
992,Justen Agerskow,jagerskowrj@pen.io,Male,1988
993,Marwin Darbyshire,mdarbyshirerk@sciencedaily.com,Male,1959
994,Ardella Balogun,abalogunrl@spotify.com,Female,2015
995,Gale Galler,ggallerrm@theatlantic.com,Female,1978
996,Eugenio Gerrit,egerritrn@wikimedia.org,Male,1944
997,Care Soot,csootro@nationalgeographic.com,Male,2018
998,Asa Monksfield,amonksfieldrp@linkedin.com,Male,1942
999,Kaleb Legan,kleganrq@reuters.com,Male,1975
1000,Lurlene Zellick,lzellickrr@pagesperso-orange.fr,Female,1905
